particle_positions_x,particle_positions_y,particle_positions_z,noisy_particle_positions_x,noisy_particle_positions_y,noisy_particle_positions_z,counts_it10000000,noisy_counts_it10000000,noisy_counts_it10000,noisy_counts_it100000,noisy_counts_it1000000,noisy_counts_it1000,nomad_run1,nomad_run2,nomad_run3,nomad_run4,nomad_run5,counts_it1000000,nomad_run5_2,nomad_run6,nomad_run7
0,0,0.02,-0.005721646271846,0.000692712457418,0.019216725306602,2948.54,2659.54,2691.31,2658.9,2659.25,2607.13,2951.18,2950.2,2955.88,2965.31,2947.4,2947.23,2948.22,2947.41,2941.72
0,0.06,0.02,-6.39178507032224E-05,0.062683188064498,0.022117310919105,2927.5,2940.1,2947.13,2944.74,2937.65,2874.66,2928.75,2929.71,2937.49,2937.91,2928.58,2927.36,2929.36,2928.53,2919.71
0.0212132,0.0212132,0.02,0.018082196104809,0.021869552453002,0.019378372576995,4309.08,4064.33,4062.91,4067.73,4064.29,4087.64,4315.06,4322.52,4329.89,4310.51,4318.85,4309.49,4316.97,4322.44,4308.54
0.0636396,0.0636396,0.02,0.062329760556003,0.064922017014239,0.01815023462734,10133.7,9862.24,9824.74,9854.58,9868.03,9794.44,10134.9,10244,10178.7,10048.3,10164.1,10123,10165.6,10204.7,10221.6
0.06,0,0.02,0.062387291103835,-0.000641543732,0.020566506756488,8923.15,9358.08,9314.43,9348.53,9364.29,9415.01,8925.94,9006.06,8944.35,8883.59,8935.69,8921.95,8937.22,8957.69,8967.99
0.0212132,-0.0212132,0.02,0.021150730177941,-0.021518299562951,0.01840454759544,4311.38,4287.66,4302.39,4284.02,4293.88,4304.51,4311.45,4322.65,4334.25,4312.08,4316.27,4309.04,4316.68,4323.96,4309.6
0.0636396,-0.0636396,0.02,0.064943764675396,-0.065033851226857,0.020276894235354,10135.3,10514.5,10589,10508.9,10511.1,10555.5,10131.8,10255.8,10180.9,10038.5,10167.5,10135.9,10169.2,10203.7,10205.2
0,-0.06,0.02,-0.000142247766292,-0.061579646657633,0.016700405075081,2927.15,2898.86,2902.3,2904.16,2900.04,2926.13,2927.4,2931.91,2936.24,2936.42,2928.56,2926.41,2928.74,2929.21,2919
-0.0212132,-0.0212132,0.02,-0.025411508609836,-0.024968989653284,0.017121245740792,2029.3,1874.12,1875.06,1873.52,1875.22,1923.47,2031.78,2027.03,2026.37,2052.53,2025.48,2029.47,2024.63,2020.48,2019.86
-0.0636396,-0.0636396,0.02,-0.065710808826881,-0.061123710568789,0.021332755910142,979.738,949.827,950.669,949.898,950.561,945.151,980.449,976.821,970.761,1004.32,972.238,979.448,972.211,968.325,970.547
-0.06,0,0.02,-0.061988634973484,-0.004843080405082,0.020771097575667,1058.18,1025.3,1019.83,1027.25,1025.78,1063.1,1058.17,1054.99,1049.36,1084.41,1050.5,1058.08,1050.36,1046.2,1048.97
-0.0212132,0.0212132,0.02,-0.016990306428437,0.022362172003667,0.018278072202393,2029.2,2174.71,2155.02,2170.84,2174.37,2108.07,2030.71,2027.66,2027.37,2054.72,2025.11,2031.07,2024.35,2021.14,2019.06
-0.0636396,0.0636396,0.02,-0.061560232563159,0.064282272549758,0.018426426269619,979.384,1010.74,1006.94,1010.56,1011.09,1005.15,981.009,976.319,970.725,1005.27,972.725,979.074,972.656,968.599,971.064
0,0.03,0.0436364,0.00244407277129,0.030563551078933,0.047329992762342,3070.41,3225.51,3257.57,3226.56,3225.79,3232.38,3071.49,3069.84,3078.22,3081.94,3070.96,3071.26,3071.08,3069.64,3064.92
0,0.09,0.0436364,-0.004071579359793,0.093800041473063,0.044543321782965,3185.39,2988.55,2965.59,2989.89,2987.45,2988.15,3183.31,3190.53,3204.54,3182.38,3190.32,3186.18,3190.9,3193.86,3182.24
0.0424264,0.0424264,0.0436364,0.041290863119206,0.041025484792143,0.0433511945799,6743.45,6590.68,6570.01,6584.97,6590.27,6718.81,6741.75,6783.8,6776.86,6707.28,6758.87,6741.06,6757.41,6776.59,6755.94
0.03,0,0.0436364,0.029904136283274,-0.003175860281371,0.043611878125068,5392.29,5381.65,5348.88,5389.54,5387.72,5362.88,5389.69,5421.95,5410.63,5390.24,5394.21,5392.14,5400.32,5410.52,5401.33
0.09,0,0.0436364,0.091291209378161,-0.00064936390876,0.04773919918267,17362.3,18051.8,17864,18077.4,18075.5,17992.2,17387.4,17711.9,17174.9,17484.3,17299.8,17356.1,17289.6,17361.7,17571.7
0.0424264,-0.0424264,0.0436364,0.042207362428533,-0.041970704154678,0.042581202896228,6742.43,6701.57,6762.63,6697.6,6701.96,6638.12,6738.76,6793.83,6781.4,6713.13,6755.43,6743.71,6756.87,6774.71,6764.27
0,-0.03,0.0436364,-7.86835628510361E-05,-0.033869426085737,0.044758743361621,3070.09,3066.26,3069.48,3067.26,3068.5,3105.48,3072.64,3072.97,3079.17,3082.89,3071.02,3068.75,3070.53,3066.8,3062.65
0,-0.09,0.0436364,-0.003890544381769,-0.088277925816819,0.045802568713898,3184.56,2942.3,2945,2939.02,2942.9,3023.32,3186.45,3189.08,3201.63,3181.24,3190.22,3184.89,3191.03,3192.26,3183.3
-0.0424264,-0.0424264,0.0436364,-0.04121788375899,-0.043446286021106,0.046875363826978,1455.91,1490.56,1486,1489.5,1490.89,1527.39,1456.48,1451.76,1449.2,1481.49,1449.43,1456.47,1448.85,1444.03,1445.85
-0.03,0,0.0436364,-0.028556711455322,-0.001944377180857,0.044701164823703,1829.37,1879.2,1881.05,1881.9,1877.9,1896.45,1831.17,1829.12,1824.08,1856.78,1822.22,1829.56,1824.1,1822.15,1817.7
-0.09,0,0.0436364,-0.091285688476833,-0.000929977305383,0.049636296241478,673.754,664.449,655.115,667.223,665.546,661.851,674.375,671.181,663.609,697.954,665.244,674.044,665.989,662.362,665.786
-0.0424264,0.0424264,0.0436364,-0.042804826412324,0.041899863673288,0.047186568981313,1455.71,1451.48,1451.91,1453.97,1451.69,1430.24,1456.45,1453.36,1447.28,1480.67,1449.11,1454.27,1449.1,1443.66,1444.34
0,0,0.0672727,-0.000896900166377,-0.001442818576741,0.066740962810687,3199.65,3145.46,3115.84,3131.88,3145.76,3055.53,3197.83,3205.09,3207.66,3218.71,3199.2,3200.31,3197.82,3200.64,3189.89
0,0.06,0.0672727,-0.001661214634468,0.061012744078862,0.06679502108298,3111.38,3018.89,3016.55,3023.32,3017.94,3026.62,3112.22,3115.1,3122.13,3119.11,3112.19,3111.59,3113.51,3111.84,3104.12
0.0212132,0.0212132,0.0672727,0.024160485213562,0.019387320568179,0.069987171310174,4695.31,4975.2,4990.5,4959.84,4971.26,5040.75,4690.76,4712.92,4719.8,4696.55,4695.39,4694.33,4701.65,4701.52,4704.29
0.0636396,0.0636396,0.0672727,0.063358589776048,0.065353035902584,0.06486282613186,10937.8,10946.5,10960.7,10964.8,10948.8,10906.6,10944.6,11066.4,10965.9,10863.8,10963.6,10945.3,10964.5,11011.1,11018.3
0.06,0,0.0672727,0.061692051396423,-0.001610387173163,0.066009598601881,9994.81,10322.5,10275.2,10332,10325.2,9988.16,10006,10105.3,9999.92,9968.69,10001.7,9988.36,9999.56,10034.7,10064.3
0.0212132,-0.0212132,0.0672727,0.02345745390866,-0.025603123781442,0.066188617654216,4694.62,4875.28,4842.63,4875.35,4881.42,4796.29,4697.07,4721.76,4718.73,4689.24,4699.06,4698.07,4701.4,4697.28,4689.59
0.0636396,-0.0636396,0.0672727,0.064971292168319,-0.06538591396772,0.067096086244315,10941.6,11361.8,11408.9,11340.6,11362.3,11344.3,10924.2,11073,10966.5,10860.6,10967,10950.5,10963.3,11009.3,11024.5
0,-0.06,0.0672727,0.001991997361867,-0.057461742276156,0.066191998606269,3111.54,3225.5,3201.62,3232.52,3224.59,3223.74,3111.59,3117.54,3123.6,3116.14,3112.27,3109.9,3113.98,3114.82,3103.3
-0.0212132,-0.0212132,0.0672727,-0.023609853857445,-0.017568729595173,0.067394893183103,2172.27,2088.73,2065.84,2090.76,2089.17,2140.34,2175.25,2169.48,2171.52,2195.91,2171.48,2176,2168.37,2166,2161.75
-0.0636396,-0.0636396,0.0672727,-0.06523646891986,-0.062533249891914,0.06447729613437,1026.6,999.065,1001.53,1000.96,999.984,997.895,1026.38,1023.04,1017.59,1052.29,1019.39,1025.49,1019.43,1016.72,1017.34
-0.06,0,0.0672727,-0.062049131313716,-0.000544296831945,0.07097925256182,1125.14,1088.31,1095.43,1086.66,1088.67,1104.59,1127.39,1121.91,1114.99,1152.65,1118.73,1125.8,1117.05,1113.64,1116.89
-0.0212132,0.0212132,0.0672727,-0.021601254143295,0.018589890802427,0.067514626984368,2173.42,2162.22,2160.46,2159.99,2161.73,2159.83,2175.4,2172.93,2172.02,2196.12,2168.36,2174.29,2169.25,2165.35,2164.32
-0.0636396,0.0636396,0.0672727,-0.063376900102826,0.062849474741189,0.071335782843522,1026.47,1032.12,1027.36,1032.73,1031.6,1029.39,1027.53,1022.5,1017.59,1051.57,1019.35,1027.32,1019.34,1014.43,1018.09
0,0.03,0.0909091,-0.000882151785967,0.02910418231495,0.089753468189423,3134.58,3090.18,3082.23,3093.72,3090.5,2915.51,3132.45,3134.42,3144.89,3145.05,3135.3,3135.31,3134.25,3133.68,3122.96
0,0.09,0.0909091,0.001704601911852,0.09085476634473,0.088678266649949,3229.22,3356.69,3358.79,3342.15,3356.77,3402.73,3229,3237.84,3247.74,3228.57,3235.39,3231.05,3235.91,3237.44,3224.15
0.0424264,0.0424264,0.0909091,0.042239396337857,0.043116514537385,0.091606042582018,6878.84,6850.87,6885.74,6842.96,6848.62,6769.55,6878.03,6924.41,6909.08,6850.94,6891.46,6875.96,6893.75,6911.92,6899.68
0.03,0,0.0909091,0.02928225258091,-0.00494709421288,0.087140913038404,5544.22,5485.07,5419.82,5498.32,5492.11,5435.48,5543.99,5565.76,5557.88,5531.27,5556.95,5542.96,5552.69,5563.81,5544.16
0.09,0,0.0909091,0.08831295468484,0.001577256364983,0.095168167291528,18048.3,17307.3,17333,17318.6,17310,17939.1,18060.5,18423.6,17796.5,18217.2,17953.4,18054.3,17944.8,18010,18269.6
0.0424264,-0.0424264,0.0909091,0.043541389568229,-0.042920422515874,0.093149355479436,6879.42,7013.17,6951.74,7015.64,7015.72,7017.71,6872.06,6926.72,6913.47,6852.56,6891.67,6874.97,6896.73,6911.79,6900.75
0,-0.03,0.0909091,-0.000794000607687,-0.030358728191255,0.093246850337448,3132.96,3079.99,3077.12,3082.52,3077.76,3102.69,3133.73,3133.3,3144.72,3147.09,3136.28,3133.28,3134.55,3135.61,3126.38
0,-0.09,0.0909091,-0.002067496494308,-0.090680965112867,0.088582615309798,3229.58,3113.25,3101.2,3113.29,3114.24,3166.32,3229.98,3234.69,3249.28,3225.13,3238.45,3228.74,3236.16,3236.71,3223.82
-0.0424264,-0.0424264,0.0909091,-0.04374804054277,-0.044151919879658,0.088908872467152,1474.87,1442.42,1443.1,1443.37,1441.78,1452.45,1476.15,1472.48,1468.39,1499.23,1468.51,1474.22,1468.44,1464.29,1464.11
-0.03,0,0.0909091,-0.031624100037999,-0.001696271368368,0.089556727885369,1866.66,1816.53,1811.6,1814.05,1817.67,1782.05,1866.26,1865.66,1861.07,1890.79,1859.34,1867.41,1860.87,1857.55,1855.68
-0.09,0,0.0909091,-0.09388158810297,0.001782707279737,0.090185209482945,684.338,643.219,650.178,640.72,643.635,636.073,684.757,681.533,673.871,709.786,677.492,684.615,676.802,672.812,676.361
-0.0424264,0.0424264,0.0909091,-0.041074527210055,0.041581342322954,0.092986315794572,1474.86,1507.68,1499.01,1510.19,1507.53,1495.59,1475.18,1471.68,1467.09,1502.05,1468.13,1475.22,1467.92,1463.96,1463.68
0,0,0.114545,0.00274151982426,-0.00019787429909,0.116775125595209,3050.55,3188.05,3162.89,3182.18,3190.04,3123.88,3050.85,3055.98,3060.39,3066.59,3047.55,3052.28,3048.9,3049.7,3038.35
0,0.06,0.114545,-0.000359986787634,0.058243875729144,0.114655323506445,3017.02,2995.46,2981.03,2994.83,2995.04,3067.45,3019.16,3021.03,3026.24,3025.17,3017.15,3014.83,3018.72,3019.67,3009.41
0.0212132,0.0212132,0.114545,0.021698524741481,0.021297743921335,0.111311217267206,4467.24,4538.47,4542.5,4538.84,4539.35,4464.78,4468.82,4483.95,4488.75,4463.58,4473.03,4466.43,4475.14,4477.35,4469.1
0.0636396,0.0636396,0.114545,0.062979212430654,0.064447229242044,0.112920195129975,10519.5,10439.8,10434.9,10457.6,10446.9,10555.3,10509.5,10640,10552.3,10435.8,10545.1,10524.4,10543.5,10600.5,10603.4
0.06,0,0.114545,0.061325036860391,0.000865802840594,0.110961447757335,9359.42,9708.72,9802.9,9668.72,9707.02,9901.36,9346.92,9436.23,9357.22,9325.82,9357.18,9358.5,9362.58,9381.99,9404.91
0.0212132,-0.0212132,0.114545,0.02101041707491,-0.022371098864757,0.116523926824159,4468.58,4432.06,4473.81,4439.2,4432.48,4370.24,4468.64,4487.18,4490.43,4468.72,4475.21,4462.05,4474.59,4481.44,4470.53
0.0636396,-0.0636396,0.114545,0.06413691315623,-0.063252278320788,0.116888397665736,10519.2,10560.6,10492.1,10580.9,10564.2,10535.9,10527.6,10641.8,10559.2,10427.2,10549.5,10515.9,10545.9,10586.7,10598.1
0,-0.06,0.114545,0.004967058627679,-0.059447000445458,0.115658956203212,3016.5,3294.84,3284.71,3297.14,3293.98,3281.11,3018.97,3019.55,3028.09,3026.43,3017.65,3012.59,3018.13,3018.67,3010.29
-0.0212132,-0.0212132,0.114545,-0.020088943712662,-0.024096769444212,0.112784368920127,2088.06,2134.47,2153.9,2138.16,2133.42,2151.5,2091.6,2087.25,2088.35,2111.93,2085.02,2087.71,2084.29,2081.07,2080.03
-0.0636396,-0.0636396,0.114545,-0.064020418870762,-0.066672073155399,0.115536797423614,1002.64,994.352,996.042,992.467,993.314,992.256,1003.99,998.997,992.721,1027.93,995.42,1002.5,995.155,990.86,993.326
-0.06,0,0.114545,-0.062791644271438,-9.05375003935255E-05,0.11264088734615,1085.17,1039.47,1043.9,1038.9,1039.04,1025.29,1086.1,1082.64,1076.5,1113.39,1077.58,1087.35,1077.78,1074.38,1075.1
-0.0212132,0.0212132,0.114545,-0.017777772663371,0.023182688785076,0.113198806581238,2089.41,2222.05,2225.69,2223.47,2221.65,2166.43,2092.05,2086.84,2088.01,2112.62,2082.54,2088.63,2084.59,2082.75,2076.15
-0.0636396,0.0636396,0.114545,-0.062766320410796,0.066626673782782,0.112582012914505,1002.65,1018.69,1017.74,1022.52,1019.18,1017.95,1003.35,999.586,993.425,1028.24,995.259,1002.03,995.432,991.328,993.479
0,0.03,0.138182,0.001552826290533,0.033043406842547,0.139110688159453,2877,2947.11,2938.27,2948.68,2950.17,2945.36,2878.53,2878.37,2881.94,2894.22,2874.92,2878.24,2875.6,2876.18,2871.15
0,0.09,0.138182,-0.004015481279193,0.093059758309827,0.138355720900748,3009.7,2817.36,2828.9,2817.96,2813.4,2786.72,3013.46,3014.95,3028.14,3007.8,3014.29,3010.74,3014.18,3016.16,3002.45
0.0424264,0.0424264,0.138182,0.042628794210996,0.043297528337769,0.135845852301291,6236.72,6308.35,6373.63,6303.9,6307.68,6359.46,6235.08,6277.18,6277.39,6207.57,6255.56,6235.01,6254.07,6265.86,6250.69
0.03,0,0.138182,0.030596407422312,0.000919043221932,0.140990564272777,4952.61,4961.03,4988.82,4956.71,4957.54,4948.63,4952.8,4973.03,4976.84,4948.27,4957.34,4954.37,4961.89,4968.13,4953.92
0.09,0,0.138182,0.090680034002484,-0.002128171337796,0.13580683851806,15433.3,15797.4,15782.6,15810.3,15794,16026,15444.1,15694.6,15316.4,15452.3,15396,15429.1,15392.8,15450.7,15599.4
0.0424264,-0.0424264,0.138182,0.042223434148734,-0.041793772479167,0.137048883996508,6237.92,6234.05,6276.07,6248.19,6228.15,6095.14,6237.02,6273.51,6273.23,6215.3,6255.59,6233.89,6252.71,6267.29,6257.61
0,-0.03,0.138182,0.002241021948322,-0.028258707893412,0.141246681101122,2877.28,2968.03,2952.63,2969.14,2968.6,2967.42,2878.02,2880.72,2884.22,2892.9,2873.99,2875.08,2875.64,2875.35,2869.82
0,-0.09,0.138182,-0.001101927346207,-0.092809376575864,0.139259743893975,3009.31,2974.02,2986.29,2978.75,2975.49,3059.74,3010.37,3012.59,3025.85,3007.98,3015.26,3007.02,3014.61,3016.82,3005.01
-0.0424264,-0.0424264,0.138182,-0.04378754661574,-0.039113953761894,0.138789560834625,1381.17,1350.27,1340.08,1353.89,1351.16,1389.33,1383.77,1379.6,1374.42,1408.08,1375,1382.46,1374.71,1370.09,1372.53
-0.03,0,0.138182,-0.030003043668017,0.000387666898228,0.141018093129357,1717.69,1706.49,1704.17,1703.14,1706.37,1717.72,1720.32,1715.2,1712.76,1744.32,1711.64,1717.68,1712.5,1708.46,1707.67
-0.09,0,0.138182,-0.090643966497699,0.004344605381278,0.138907602453009,641.941,634.512,636.34,634.474,634.876,645.954,642.688,638.706,631.133,665.869,634.171,641.9,634.587,630.338,634.189
-0.0424264,0.0424264,0.138182,-0.043070571024457,0.041999535406899,0.14215680871137,1381.46,1354.86,1356.24,1352.22,1354.91,1340.65,1383.68,1378.67,1374.46,1407.26,1376.29,1381.78,1374.67,1369.59,1372.19
0,0,0.161818,0.0006338347565,-0.00025574383795,0.162804629886539,2676.9,2695.67,2675.36,2694.4,2695.87,2677.09,2677.4,2677.03,2678.67,2692.72,2677.28,2676.6,2675.34,2674.55,2669.58
0,0.06,0.161818,0.002789383592883,0.058890679530279,0.164226946074777,2670.11,2779.89,2766.64,2783.25,2780.74,2727.59,2669.42,2672.78,2679.5,2681,2668.54,2668.52,2670.72,2670.15,2662.42
0.0212132,0.0212132,0.161818,0.018794024469689,0.019703811855295,0.163534311413871,3876.73,3689.44,3695.18,3689.12,3685.83,3720.95,3877.47,3887.52,3892.06,3875.99,3882.69,3875.47,3883.13,3882.34,3871.64
0.0636396,0.0636396,0.161818,0.062585812951802,0.06207109742083,0.164316334467336,9089.21,8723.11,8685.3,8740.95,8725.51,8752.35,9086.05,9186.72,9155.39,8991.09,9127.88,9093.68,9125.22,9165.26,9150.72
0.06,0,0.161818,0.061422607225698,0.000566786023759,0.163511585279501,7839.6,7984.37,8028.27,7987.8,7986.09,8082.85,7843.65,7904.96,7876.69,7790.51,7857.2,7838.4,7858.68,7882.14,7875.43
0.0212132,-0.0212132,0.161818,0.023150730106817,-0.022775081240767,0.159662884916693,3876.51,4046.73,4040.37,4047.49,4047.45,4149.11,3876.76,3886.62,3895.31,3875,3880.82,3876.43,3883.82,3884.62,3875.13
0.0636396,-0.0636396,0.161818,0.063440974457794,-0.061919497875744,0.161857979047458,9087.93,8964.18,8926.32,8979.48,8966.21,8828.68,9088.06,9182.22,9155.49,8988.94,9127.7,9087.94,9125.11,9163.09,9145.83
0,-0.06,0.161818,-0.003188444204125,-0.062276608050457,0.157426690715566,2669.68,2563.52,2564.28,2563.25,2562.68,2540.11,2672.66,2671.35,2679.81,2682.13,2670.68,2669.7,2670.15,2670.53,2662.98
-0.0212132,-0.0212132,0.161818,-0.024819602571812,-0.019992897609307,0.163371032088205,1859.48,1741.68,1744.99,1744.37,1739.57,1757.93,1861.54,1858.54,1855.94,1884.26,1854.29,1859.09,1854.85,1852.77,1850.11
-0.0636396,-0.0636396,0.161818,-0.064713037547697,-0.062125158801243,0.161444932925069,911.467,896.705,892.417,897.644,896.877,893.168,912.318,907.94,901.937,935.797,903.371,910.107,903.994,900.419,902.441
-0.06,0,0.161818,-0.062798382312316,9.42941364673092E-05,0.162130206631226,982.729,938.329,941.82,938.26,939.026,914.466,983.634,979.429,972.277,1009.18,974.532,982.406,975.036,971.286,973.412
-0.0212132,0.0212132,0.161818,-0.02060029234793,0.02420480056165,0.160579582146736,1859.2,1885.17,1881.82,1880.76,1885.64,1864.51,1859.27,1856.25,1854.96,1883.07,1855.88,1859.51,1854.69,1851.16,1848.58
-0.0636396,0.0636396,0.161818,-0.063532649217592,0.062520496310276,0.161251219265046,911.408,914.536,911.06,914.587,914.565,906.243,911.89,907.681,901.528,936.378,904.684,911.348,903.944,900.248,901.581
0,0.03,0.185455,-0.003891438128503,0.030006463693015,0.184014321209416,2423.12,2283.15,2287.81,2281.77,2281.43,2334,2424.77,2423.04,2429.87,2438.43,2420.08,2422.28,2420.48,2419.29,2414.59
0,0.09,0.185455,-0.000818745989603,0.089066937215279,0.183796644193305,2591.34,2554.87,2532.59,2554.26,2558.5,2526.26,2592.86,2593.48,2604.86,2594.24,2595.26,2589.65,2595.3,2595.34,2586.05
0.0424264,0.0424264,0.185455,0.044054329930047,0.042305956031924,0.186925600736368,5115.44,5229.51,5261.75,5240.62,5232.33,5211.45,5116.28,5134.74,5156.85,5085.11,5130.44,5116.55,5132.33,5142.1,5128.35
0.03,0,0.185455,0.030387633130967,-0.000525501738151,0.185745151310497,4064.62,4085.5,4113.9,4075.76,4084.91,4189.05,4063.36,4074.85,4086.12,4059.08,4073.74,4064.62,4072.27,4075.56,4061.26
0.09,0,0.185455,0.088021524603609,-0.00251900331864,0.18643906644747,12061.1,11554.4,11549.2,11571.9,11551.5,11501.2,12058.3,12226.2,12083.8,11969.6,12083.1,12067.8,12081.2,12139.2,12161.2
0.0424264,-0.0424264,0.185455,0.044205889435501,-0.043273934098906,0.18094823509969,5115.49,5409.24,5378.97,5396.99,5408.92,5571.5,5116.04,5138.94,5155.27,5085.28,5129.52,5114.54,5132.68,5142.88,5128.57
0,-0.03,0.185455,0.001038824822385,-0.028130434946145,0.185828946150092,2422.44,2462.18,2449.63,2457.57,2461.37,2527.53,2421.75,2422.92,2426.61,2440.47,2423.46,2421.72,2421.04,2417.8,2416.26
0,-0.09,0.185455,0.00186725139629,-0.088263510621397,0.188698596282903,2591.38,2630.17,2650.01,2624.62,2630.36,2653.17,2589.44,2592.95,2607.26,2592.04,2594.72,2592.7,2595.38,2596.54,2586.64
-0.0424264,-0.0424264,0.185455,-0.044744579122646,-0.042726806808562,0.184155696036384,1196.14,1157.21,1164.2,1159,1157.94,1151.81,1197.15,1192.43,1188.28,1221.7,1189.69,1196.36,1189.54,1185.25,1187.83
-0.03,0,0.185455,-0.032020447297313,0.003071577616203,0.190522236526741,1474.3,1396.62,1395.26,1394.27,1396.9,1414.54,1475.18,1471,1467.1,1499.59,1467.08,1475.38,1467.44,1463.64,1464.33
-0.09,0,0.185455,-0.089110088577883,-0.001104553094141,0.187158743658612,568.369,572.969,572.123,572.925,572.98,571.535,569.066,565.694,558.118,590.863,561.027,568.515,561.232,557.782,561.453
-0.0424264,0.0424264,0.185455,-0.043271182463769,0.042675105530602,0.183174883068003,1195.99,1189.99,1191.58,1190.23,1189.05,1164.16,1196.82,1192.91,1189.24,1222.14,1189.18,1196.33,1189.08,1185.59,1185.81
0,0,0.209091,-0.000559255246521,-0.004214911357865,0.210190493730043,2159.52,2127.39,2129.05,2127.99,2126.31,2135.7,2160.6,2158.95,2161.95,2177.74,2156.74,2161.2,2156.71,2152.89,2150.61
0,0.06,0.209091,0.002183426988802,0.06051625851097,0.206563219369229,2180.61,2294.05,2294.36,2297.69,2291.83,2288.45,2179.61,2179.26,2184.67,2194.56,2180.06,2180.99,2180.19,2181.62,2172.23
0.0212132,0.0212132,0.209091,0.022100621818601,0.020518827595334,0.207136799017687,3080.16,3160.39,3161.79,3158.77,3162.84,3150,3080.69,3084.19,3095.98,3084.49,3086.25,3079.84,3085.19,3087.35,3076.2
0.0636396,0.0636396,0.209091,0.062291521965151,0.064796697575742,0.208847735508513,7286.12,7147.25,7177,7136.55,7144.08,6981.91,7286.43,7341.5,7369.19,7179.01,7328.65,7285.37,7329.27,7360.96,7325.94
0.06,0,0.209091,0.062910962925449,0.000259820481112,0.209207960849807,6025.15,6344.6,6305.81,6356.65,6341.78,6306.87,6030.57,6064.66,6075.15,5979.04,6049.45,6024.02,6051.02,6063.49,6049.81
0.0212132,-0.0212132,0.209091,0.021626036127108,-0.021070934044897,0.209393243332217,3080.49,3096.2,3107.88,3099.39,3097.75,3122.86,3081.75,3087.9,3096.23,3085.34,3084.81,3079.52,3085.28,3088.69,3076.33
0.0636396,-0.0636396,0.209091,0.063439362847739,-0.063063401515438,0.208901499027873,7287.82,7230.74,7254.27,7236.63,7234.5,7230.96,7283.13,7348.17,7364.1,7182.94,7324.98,7289.88,7329.85,7360.86,7330.4
0,-0.06,0.209091,-0.002136014952035,-0.057595285399107,0.208387017556616,2180.69,2106.61,2094.02,2102.82,2107.96,2082.05,2180.61,2180.31,2185.92,2191.95,2179.36,2180.93,2179.76,2179.73,2173.07
-0.0212132,-0.0212132,0.209091,-0.01879495785117,-0.021983805170592,0.210508754138212,1526.04,1575.38,1590.76,1576.52,1575.53,1582.56,1528.39,1523.19,1520.37,1549.37,1519.67,1524.54,1520.09,1517.1,1515.7
-0.0636396,-0.0636396,0.209091,-0.06817876373489,-0.062753806071045,0.208942095273432,771.555,719.398,707.331,719.142,719.067,725.383,773.237,768.959,762.433,795.233,765.071,771.989,764.756,761.433,763.651
-0.06,0,0.209091,-0.062245936605839,0.001711590623027,0.209039517605451,826.428,798.153,797.598,799.786,798.728,805.772,827.582,822.767,817.023,851.551,818.568,827.049,819.184,814.319,817.774
-0.0212132,0.0212132,0.209091,-0.021423740255483,0.020101566781889,0.212605629715856,1526.17,1494.62,1502.24,1497.99,1495.86,1500.14,1526.57,1522.71,1521.06,1550.33,1519.88,1527.02,1520.57,1515.04,1516.57
-0.0636396,0.0636396,0.209091,-0.06295019222304,0.066115320105991,0.208828928670071,771.789,780.758,777.317,782.076,780.303,780.867,772.262,768.423,762.346,795.724,764.349,771.581,764.598,761.217,763.833
0,0.03,0.232727,0.001607982343425,0.030183938228486,0.228320415693738,1896.05,1995.8,1989.04,1993.22,1996.22,2005.73,1896.04,1892.96,1897.46,1914.93,1893.69,1894.76,1892.95,1890.98,1887.72
0,0.09,0.232727,0.000854564996292,0.092001118385935,0.233346939554248,2096.75,2153.62,2155.37,2145.13,2154.74,2159.08,2097.88,2096.79,2108.16,2099.82,2099.63,2096.9,2099.63,2096.37,2091.26
0.0424264,0.0424264,0.232727,0.043992350630777,0.039570153268802,0.235778519526797,3918.25,3936.39,3934.11,3933.57,3936.41,3950.09,3919.08,3933.73,3951.06,3892.91,3932.44,3918.81,3931.7,3937.81,3921.61
0.03,0,0.232727,0.026676319289809,0.001312599952893,0.236448465051633,3097.16,2861.89,2867.73,2860.45,2862.38,2857.7,3098.02,3100.17,3114.38,3096.95,3102.43,3096.29,3102.58,3102.97,3092.13
0.09,0,0.232727,0.088910142559363,0.002938841213598,0.233577180987497,8966.17,8736.23,8761.18,8744.49,8737.47,8878.44,8962.16,9056.56,9046.96,8833.47,9017.5,8971.25,9015.36,9056.12,9040.62
0.0424264,-0.0424264,0.232727,0.040252877928067,-0.044256293525883,0.232746342488853,3916.97,3780.48,3782.61,3779.11,3782.28,3785.52,3921.05,3930.91,3952.08,3896.4,3931.53,3916.26,3932.15,3935.21,3923.49
0,-0.03,0.232727,0.002718954072143,-0.02950073379336,0.235482832626664,1895.51,1949.61,1966.42,1949.53,1950.22,1944.55,1896.51,1894.89,1896.9,1912.86,1892.68,1894.84,1892.4,1891.59,1886.82
0,-0.09,0.232727,-0.002020968353861,-0.088590481279912,0.22929044702384,2096.43,2036.58,2049.19,2037.98,2036.9,2021.49,2095.66,2096.6,2106.93,2101.81,2097.86,2097.01,2099.23,2098.6,2090.51
-0.0424264,-0.0424264,0.232727,-0.037842335225926,-0.041207872152952,0.232885098007323,965.949,1036.62,1036.94,1035.78,1036.47,1032.34,966.433,962.167,956.833,990.286,958.167,965.398,958.828,954.934,956.175
-0.03,0,0.232727,-0.029031092983389,-0.000170323247831,0.234510325128205,1175.26,1181.84,1181.44,1184.16,1182.04,1185.16,1175.79,1171.06,1168.35,1199.68,1168.38,1174.98,1168.62,1164.71,1165.69
-0.09,0,0.232727,-0.08616531853539,-0.001637189175849,0.233128949294771,470.651,497.411,494.006,497.489,497.479,497.306,470.977,468.529,461.462,491.881,464.338,471.159,464.292,460.828,464.562
-0.0424264,0.0424264,0.232727,-0.043060057801854,0.044870623890087,0.235215155713542,965.525,943.637,938.272,944.336,944.341,951.971,966.478,963.084,957.308,989.647,959.06,966.506,958.618,954.859,956.02
0,0,0.256364,-0.000699765091987,-0.004149955056077,0.257863143641662,1638.54,1605.35,1604.32,1601.95,1605.91,1614.42,1640.98,1635.27,1637.1,1657.08,1634.92,1638.88,1634.6,1631.04,1629.08
0,0.06,0.256364,0.000300253983054,0.059362202908702,0.2601241375318,1682.12,1651.91,1649.32,1654.27,1652.47,1643.84,1682.88,1680.12,1683.72,1698.24,1679.65,1680.85,1679.96,1676.97,1672.35
0.0212132,0.0212132,0.256364,0.020129016588824,0.021548335601523,0.25848198785119,2310.42,2239.9,2250.05,2236.74,2240.26,2222.5,2311.02,2312.91,2319.11,2320.18,2312.25,2311.19,2312.72,2310.21,2302.23
0.0636396,0.0636396,0.256364,0.064134030139334,0.063761804616654,0.254732911408135,5623.98,5746.38,5736.24,5745.42,5750.77,5621.37,5628.57,5660.92,5710.48,5524.95,5665.05,5626.33,5666.82,5692.72,5654.95
0.06,0,0.256364,0.059448285391335,0.002327765671556,0.258737196747651,4426.04,4313.93,4349.7,4319.8,4313.78,4310.58,4424.59,4444.79,4472.5,4390.39,4446.85,4428.09,4448.71,4460.12,4435.28
0.0212132,-0.0212132,0.256364,0.024364368514264,-0.020140922994743,0.257094502124749,2310.18,2421.15,2410.67,2417.28,2420.69,2440.81,2313.11,2312.09,2318.78,2317.12,2312.44,2309.82,2312.27,2312.53,2303.4
0.0636396,-0.0636396,0.256364,0.066191643598085,-0.066145105941965,0.256794881414969,5624.43,6121.97,6104.69,6137.26,6125.16,6130.16,5625.29,5662.98,5703.74,5524.36,5661.98,5629.3,5667.06,5692.71,5656.73
0,-0.06,0.256364,0.0001508053042,-0.060815450434172,0.253346764177705,1682.85,1718.99,1724.17,1714.98,1718.92,1692.43,1681.42,1680.17,1684.37,1696.69,1680.28,1680.54,1679.86,1676.89,1673.67
-0.0212132,-0.0212132,0.256364,-0.020950639460983,-0.02093678788262,0.257160548656864,1176.95,1175.39,1172.6,1173.23,1175.71,1183.56,1177.68,1173.61,1170.25,1199.35,1171.05,1176.98,1170.88,1167.24,1167.68
-0.0636396,-0.0636396,0.256364,-0.063769710587287,-0.066170895585926,0.258921301367745,616.56,607.122,598.798,607.715,606.926,609.385,617.225,614.155,606.857,638.232,609.971,616.197,609.991,605.944,609.173
-0.06,0,0.256364,-0.059356219181687,-0.001111416516145,0.258771518174024,653.04,650.542,649.845,652.271,650.329,635.118,653.854,650.157,643.51,675.918,645.703,653.242,646.215,642.051,645.741
-0.0212132,0.0212132,0.256364,-0.020445129034884,0.022486376816136,0.254579362633194,1176.7,1203.51,1203.69,1202.77,1203.41,1210.51,1177.71,1174.2,1170.2,1198.94,1170.72,1176.59,1170.76,1166.92,1168.63
-0.0636396,0.0636396,0.256364,-0.070001593276817,0.064485614152748,0.258165174859744,616.492,554.808,554.457,554.89,554.979,561.105,616.887,613.727,607.132,637.671,610.162,616.615,610.124,606.082,609.046
0,0.03,0.28,0.001368825550465,0.030558718833958,0.280337868651078,1414.77,1442.58,1447.53,1443.89,1444.11,1403.23,1415.35,1412.65,1413.54,1433.24,1410.84,1413.65,1410.69,1407.78,1405.8
0,0.09,0.28,0.000533624944282,0.091726182888939,0.28018673578881,1627.44,1664.85,1676.32,1666.23,1666.31,1716.68,1626.8,1625.56,1634.28,1634.18,1628.76,1626.76,1628.26,1626.63,1619.33
0.0424264,0.0424264,0.28,0.041303685605078,0.04105855542131,0.280427217520679,2898.02,2824.95,2841.52,2824.61,2826.61,2882.54,2901.94,2903.01,2924.15,2881.64,2907.5,2898.13,2908.85,2913.14,2895.38
0.03,0,0.28,0.033161615173175,0.000252343504528,0.281926692205026,2266.7,2356.32,2349.11,2352.36,2355.95,2302.61,2268.09,2266.88,2278.45,2271.42,2268.66,2267.94,2269.74,2269.53,2261.07
0.09,0,0.28,0.092039426817575,-0.002311971734452,0.281024338224028,6601.03,6834.61,6868.75,6826.59,6828.81,6947.86,6603.72,6652.47,6699.84,6469.89,6656.49,6602.39,6651.51,6681.34,6640.17
0.0424264,-0.0424264,0.28,0.040921086919493,-0.045485491054768,0.280944722843814,2898.09,2824.03,2821.16,2828.88,2823.61,2813.26,2897.49,2903.55,2922.96,2882.65,2907.85,2895.74,2908.58,2911.54,2896.59
0,-0.03,0.28,-0.00159811688342,-0.030249459569736,0.27532487000647,1414.34,1421.95,1422.15,1420.93,1422.55,1459.94,1415.56,1411.49,1412.79,1433.87,1410.92,1414.75,1410.87,1407.69,1405.83
0,-0.09,0.28,-0.002044207323543,-0.088602983699309,0.278210173071003,1626.71,1566.97,1563.8,1564.3,1567.39,1526.1,1629.31,1627.21,1633.94,1633.41,1626.95,1628.31,1628.09,1627.44,1621.37
-0.0424264,-0.0424264,0.28,-0.0427598769138,-0.040030972765149,0.279508933967802,740.393,738.71,741.314,737.705,738.697,736.994,741.504,737.281,731.414,762.27,734.319,740.85,734.112,730.157,732.496
-0.03,0,0.28,-0.030515464328882,-0.001339715385153,0.280854947230458,889.487,877.556,882.04,875.971,877.852,890.319,890.643,886.243,881.77,911.959,882.84,888.591,882.739,878.609,881.037
-0.09,0,0.28,-0.091073905926326,-0.000415863567885,0.278924276558775,369.776,366.206,367.03,364.742,366.281,373.593,370.531,367.322,360.873,388.023,363.987,369.764,363.854,360.68,364.225
-0.0424264,0.0424264,0.28,-0.042491942299281,0.041537340837588,0.280000883603094,740.403,739.388,735.187,738.868,739.115,738.939,740.899,736.825,732.003,763.354,733.847,740.052,734.176,730.404,732.619
